pairIndex,type,appid,name,rankAcceptance,rankFiltered,acceptanceScore,totalEnglishReviews,reviewId,language,review,isPositive,voted_up,timestamp_created,timestamp_updated,authorSteamId,playtime_forever,playtime_last_two_weeks,received_for_free,written_during_early_access,steam_purchase,comment_count,votes_up,votes_funny,weighted_vote_score,charLen,lengthBucket,sampleIndexWithinApp
3,top,1929360,Tumbleweed Destiny,7782,7,5.65228,84,113295536,english,傑作,1,True,1649012152,1649012152,76561197999147182,1593,0,False,False,True,0,4,0,0.5255053043365479,2,short,1
3,top,1929360,Tumbleweed Destiny,7782,7,5.65228,84,113355934,english,cute little fun game. i've reached the newer area and killed the harder monster. killed quite a bit of time. worth the time and the three dollars,1,True,1649116686,1649116686,76561198117375780,2677,0,False,False,True,0,0,0,0.5,145,long,2
3,top,1929360,Tumbleweed Destiny,7782,7,5.65228,84,113367189,english,"surprisingly fun little game, bit grindy but still fun. it has many surprising aspects that were missed in the trailer.

The best question to ask is: have you ever just wanted to be a tumbleweed?",1,True,1649140728,1649140804,76561198106177262,594,0,False,False,True,0,9,1,0.6189428567886353,195,long,3
3,top,1929360,Tumbleweed Destiny,7782,7,5.65228,84,113385813,english,tumbleweeds go brrrr,1,True,1649175553,1649175553,76561198041999494,3985,0,False,False,True,0,10,3,0.5203738808631896,20,short,4
3,top,1929360,Tumbleweed Destiny,7782,7,5.65228,84,113386235,english,"Have you ever wanted to just roll around as a tumbleweed? WELL YOU'VE COME TO THE WRONG GAME

FIGHT MONSTER
SAVE PLANET
AFK FOR HOURS
Fly?

THIS ACTION PACKED GAME MAY JUST BE THE BEST AFK FARMING SIMULATOR THERE IS.",1,True,1649176160,1649176160,76561198055494598,1280,0,False,False,False,0,0,2,0.5,216,long,5
3,top,1929360,Tumbleweed Destiny,7782,7,5.65228,84,113458079,english,best 1.5 hours I've spent. five times the value of the movie ticket. Call that TP difference,1,True,1649299705,1649299705,76561198031671689,209,0,False,False,True,0,1,0,0.4724409580230712,92,medium,6
3,top,1929360,Tumbleweed Destiny,7782,7,5.65228,84,113458089,english,"Best 3.5 hours I've spent in a while, definitely needs a friend or two for best results.",1,True,1649299719,1649299719,76561198200577362,210,0,False,False,True,0,1,0,0.5,88,medium,7
3,top,1929360,Tumbleweed Destiny,7782,7,5.65228,84,113489318,english,Very fun game. Hoping for updates!,1,True,1649357601,1649357601,76561198164867436,380,0,False,False,True,0,1,0,0.5,34,medium,8
3,top,1929360,Tumbleweed Destiny,7782,7,5.65228,84,113490551,english,"I love this game, its really fun when you have nothing else to do. Sound track is pretty sweet too

",1,True,1649359360,1649359360,76561198351507138,29,0,False,False,True,0,1,0,0.5,100,medium,9
3,top,1929360,Tumbleweed Destiny,7782,7,5.65228,84,113638508,english,"Good for a tumble or two, keeps it's shine longer than expected. However, it doesn't really go anywhere interesting once it gets off the ground.

Once I unlocked the DBZ powers it actually got a bit dull and grindy. The idle game mechanics are a bit light and this doesn't really work as one (the point earning rate is just too small).

I'd still recommend it for the novelty",1,True,1649600275,1649600275,76561198012283506,677,0,False,False,True,0,2,0,0.515625,375,long,10
3,top,1929360,Tumbleweed Destiny,7782,7,5.65228,84,114035375,english,Fantastic,1,True,1650239130,1650239130,76561198082069316,330,0,False,False,False,0,0,0,0.3951148986816406,9,short,11
3,top,1929360,Tumbleweed Destiny,7782,7,5.65228,84,114040321,english,this game really makes you feel like a tumbleweed. this is truly the greatest game I have ever played,1,True,1650247482,1650247482,76561198310966357,1494,0,False,False,True,0,16,0,0.5946289896965026,101,medium,12
3,top,1929360,Tumbleweed Destiny,7782,7,5.65228,84,114045621,english,"Was forced to buy this game at gunpoint by a deranged streamer, turns out it's actually a pretty amusing game that kept me entertained for over 3 hours in row, it also comes with chill lo fi beats to save the earth to.
Worth the purchase, I'll tell you that much.",1,True,1650257945,1650257945,76561198067683201,466,0,False,False,True,0,37,5,0.7619114518165588,263,long,13
3,top,1929360,Tumbleweed Destiny,7782,7,5.65228,84,114045683,english,This game was pretty fun. The tumbled weed went brr brr and nyoom.,1,True,1650258075,1650341426,76561198276955527,469,0,False,False,True,0,0,0,0.5,66,medium,14
3,top,1929360,Tumbleweed Destiny,7782,7,5.65228,84,114056717,english,"An ""idler"" game that requires focus or it pauses.

This is the dumbest thing ever put into a game that wasn't made by EA.",0,False,1650280918,1650280918,76561197999394473,951,0,False,False,True,0,10,3,0.3966184854507446,121,short,15
3,top,1929360,Tumbleweed Destiny,7782,7,5.65228,84,114073541,english,It's a little slow to start but once things get rolling the game is surprisingly engaging.,1,True,1650303681,1650303681,76561197990164665,1227,0,False,False,True,0,0,2,0.5,90,medium,16
3,top,1929360,Tumbleweed Destiny,7782,7,5.65228,84,114080341,english,"probably one of the best releases of the current decade. I wouldn't be surprised to see tumbleweedsonas starting to pop up here and there.

The [spoiler]tumbleweed on the moon[/spoiler] was one of the most thought-provoking characters I've ever met in a video game.

10/10 would tumble again",1,True,1650312140,1650312140,76561197966400027,466,0,False,False,True,0,2,2,0.4974874556064605,291,long,17
3,top,1929360,Tumbleweed Destiny,7782,7,5.65228,84,114098840,english,perhaps this is my tumbleweed destiny,1,True,1650325760,1650325760,76561198164062862,378,0,False,False,True,0,3,1,0.5292035937309265,37,medium,18
3,top,1929360,Tumbleweed Destiny,7782,7,5.65228,84,114100401,english,Local streamer employs people with no pay to become a tumbleweed. Everyone ends up addicted to the game: there is nothing I would ever want more than to become a tumbleweed and now I have 20 hours logged in the game,1,True,1650328667,1650328667,76561198160260417,984,0,False,False,True,0,0,0,0.5,215,long,19
3,top,1929360,Tumbleweed Destiny,7782,7,5.65228,84,114107205,english,"Really enjoyed this game! I spent about 6 Hours to fully complete the game. (No Idlely.)
Honestly was a fun time overall. Well worth the price point. 
Thought I do sorta wish there was more to do in the final area considering how big it is. Maybe some Indoor places to chill or maybe some NPCs to spice it up. As right now it's just really empty with only one boss.",1,True,1650341340,1650341340,76561198035642379,534,0,False,False,True,0,6,0,0.5862069129943847,365,long,20
3,top,1929360,Tumbleweed Destiny,7782,7,5.65228,84,114125374,english,Better than Tumblr.,1,True,1650375345,1650375345,76561197970677616,261,0,False,False,True,0,0,2,0.5,19,short,21
3,top,1929360,Tumbleweed Destiny,7782,7,5.65228,84,114164820,english,"If you just wanna vibe with friends then this is the game to play
",1,True,1650442221,1650442221,76561198152604293,516,0,False,False,False,0,0,0,0.5,66,medium,22
3,top,1929360,Tumbleweed Destiny,7782,7,5.65228,84,114233900,english,that meaty sound when you thwack a cactus,1,True,1650558677,1650558677,76561198113267811,604,0,False,False,True,0,0,0,0.4782608747482299,41,medium,23
3,top,1929360,Tumbleweed Destiny,7782,7,5.65228,84,114293435,english,Best 3 bucks I ever spent,1,True,1650654147,1650654147,76561197990997158,743,0,False,False,True,0,0,0,0.5,25,short,24
3,top,1929360,Tumbleweed Destiny,7782,7,5.65228,84,114321929,english,solid,1,True,1650699088,1650699088,76561198064976944,309,0,False,False,True,0,1,0,0.5158936977386473,5,short,25
3,top,1929360,Tumbleweed Destiny,7782,7,5.65228,84,114331120,english,"Roll at cactus.

Go to moon.",1,True,1650712565,1650803047,76561198008644667,265,0,False,False,True,0,0,0,0.5,28,short,26
3,top,1929360,Tumbleweed Destiny,7782,7,5.65228,84,114373548,english,"possibly the best money ive spent on a game recently, that actually returns the investment through gripping and immersive gameplay.",1,True,1650770271,1650770271,76561198894987592,744,0,False,False,True,0,0,0,0.5,131,long,27
3,top,1929360,Tumbleweed Destiny,7782,7,5.65228,84,114382052,english,new mexico,1,True,1650783972,1650783972,76561198139530791,1183,0,False,False,True,0,0,0,0.5,10,short,28
3,top,1929360,Tumbleweed Destiny,7782,7,5.65228,84,114400444,english,lofi beats to tumble to,1,True,1650808323,1650808323,76561198109722541,301,0,False,False,True,0,4,1,0.5275554656982421,23,short,29
3,top,1929360,Tumbleweed Destiny,7782,7,5.65228,84,114415546,english,tubleweed,1,True,1650826353,1662514441,76561198378250062,453,0,False,False,True,0,0,0,0.5,9,short,30
3,top,1929360,Tumbleweed Destiny,7782,7,5.65228,84,114488004,english,Supreme Epic!,1,True,1650943360,1650943360,76561198179860725,378,0,False,False,True,0,1,0,0.475652128458023,13,short,31
3,top,1929360,Tumbleweed Destiny,7782,7,5.65228,84,114658173,english,Played for over 7 hours straight. Totally worth it.,1,True,1651229014,1651229014,76561199232636529,442,0,False,False,True,0,0,0,0.5,51,medium,32
3,top,1929360,Tumbleweed Destiny,7782,7,5.65228,84,114658954,english,Got wedged in the machine on the moon and lost. 10/10,1,True,1651230356,1651230356,76561198189754437,1229,0,False,False,True,0,0,0,0.5,53,medium,33
3,top,1929360,Tumbleweed Destiny,7782,7,5.65228,84,114700562,english,Big contender for game of the year,1,True,1651295022,1651295022,76561198058350830,327,0,False,False,True,0,0,0,0.5,34,medium,34
3,top,1929360,Tumbleweed Destiny,7782,7,5.65228,84,114807680,english,"amazing, would unlock all achievments again.",1,True,1651448378,1651448378,76561198114896908,350,0,False,False,False,0,0,0,0.5,44,medium,35
3,top,1929360,Tumbleweed Destiny,7782,7,5.65228,84,114886658,english,save me from becoming full weed,1,True,1651587391,1651587391,76561198102656756,971,0,False,False,True,0,0,0,0.4802259802818298,31,short,36
3,top,1929360,Tumbleweed Destiny,7782,7,5.65228,84,115140113,english,perhaps the real tumbleweeds was the friends we made along the way,1,True,1651996585,1651996585,76561198116762435,397,0,False,False,True,0,9,6,0.6175380945205688,66,medium,37
3,top,1929360,Tumbleweed Destiny,7782,7,5.65228,84,115527028,english,"Was pleasantly surprised at how much i enjoyed this, pretty grindy but worth it. check it out and fufill your Tumbleweed Destiny",1,True,1652661943,1652661943,76561198148783697,328,0,False,False,True,0,1,0,0.5158936977386473,128,long,38
3,top,1929360,Tumbleweed Destiny,7782,7,5.65228,84,115535302,english,Downloaded this game today and loaded it up with some friends. Played for 11 hours straight. Felt overcome with mystery and adventure. Found myself slowly evolving into a god of tumbleweeds rolling around a world which was now my domain. None of this is a joke.,1,True,1652680217,1652680217,76561198010342608,748,0,False,False,True,0,0,0,0.5,261,long,39
3,top,1929360,Tumbleweed Destiny,7782,7,5.65228,84,115555042,english,I bought this game as a joke for myself and friends to josh around for what i thought would be 30mins tops.....Now i am 10hrs deep and absolutely can't help loving the game. A must play with friends just for a mess around type game definitely worth the price of a coffee.,1,True,1652720360,1652720360,76561198063271193,648,0,False,False,True,0,0,0,0.5,271,long,40
3,top,1929360,Tumbleweed Destiny,7782,7,5.65228,84,115564871,english,"I'll be up front and honest here. Had the game been any bit more expensive than it is. This would have been a negative review. Treat this as a grey/neutral review if you like.

There's barely a game here. The only thing that's really fun here is getting to full power and being able to fly or combo with the tumbleweed, and it time gates you for as long as it can from getting to that one juicy bit of fun.[spoiler]The secret bonus map is also a huge let down, its huge for no real reason. There's no real secrets in it, and the boss is 10x the health of the normal map, making it take ages to drop if you're the only one not afk, and it largely only drops the same cards as the normal ones just a little stronger, with the exception of two new abilities which really serve no purpose since there's no content past this. I guess you could use them to flex on new players? I don't really see the point personally.[/spoiler]

I wont complain too much more here. Game can still be beat in a day even with the time wasting. It's an OK distraction to break up a routine and thankfully not very expensive.",1,True,1652735531,1652735726,76561197998180632,756,0,False,False,True,0,10,0,0.6596133112907409,1099,long,41
3,top,1929360,Tumbleweed Destiny,7782,7,5.65228,84,115580075,english,this is gas,1,True,1652767662,1652767662,76561198151243894,287,0,False,False,True,0,0,0,0.5,11,short,42
3,top,1929360,Tumbleweed Destiny,7782,7,5.65228,84,115858157,english,GAME OF THE YEAR 10/10 best money I ever spent. Better than Minecraft and terraria combined.,1,True,1653241432,1653241432,76561198206175315,52,0,False,False,True,0,0,0,0.5,92,medium,43
3,top,1929360,Tumbleweed Destiny,7782,7,5.65228,84,116535045,english,"yea
",1,True,1654447608,1654447608,76561198161089805,1276,0,False,False,True,0,1,0,0.5,4,short,44
3,top,1929360,Tumbleweed Destiny,7782,7,5.65228,84,116910276,english,goty 2022,1,True,1655105741,1655105741,76561198371823855,1352,0,False,False,True,0,0,0,0.5,9,short,45
3,top,1929360,Tumbleweed Destiny,7782,7,5.65228,84,117258191,english,This game is pretty good despite what it looks like. It is worth the money and its quite entertaining.,1,True,1655671889,1655671889,76561198804641397,382,0,False,False,True,0,0,0,0.5,102,medium,46
3,top,1929360,Tumbleweed Destiny,7782,7,5.65228,84,117417995,english,damn,1,True,1655918668,1655918668,76561198176118507,222,0,False,False,False,0,0,0,0.5,4,short,47
3,top,1929360,Tumbleweed Destiny,7782,7,5.65228,84,117548116,english,the best tumbleweed game on the market,1,True,1656118097,1656118559,76561198214310305,222,0,False,False,True,0,0,1,0.5,38,medium,48
3,top,1929360,Tumbleweed Destiny,7782,7,5.65228,84,117605509,english,"Do you like to tumble? If so, this might just be what you're looking for. Prepare for hour after hour of tumbling fun with this rip roaring adventure based on the real life struggles of actual tumbleweeds!!",1,True,1656188607,1656188607,76561198127561087,576,0,False,False,False,0,1,1,0.5199999809265136,206,long,49
3,top,1929360,Tumbleweed Destiny,7782,7,5.65228,84,117663750,english,good game,1,True,1656260372,1656260372,76561199339941113,1234,0,False,False,True,0,0,0,0.5,9,short,50
3,top,1929360,Tumbleweed Destiny,7782,7,5.65228,84,117750420,english,"My friend thought he'd be funny and buy this and make me play it, joke's on him, I became the tumbleweed master, even now in my mind I am a collection of dried brush and sticks, blowing through the desert without a care in the world, occasionally bumping into a cactus, or scratching someone's legs up as a roll into them, my life is complete, I have ascended into a higher state of being, I am no longer controlled by my primal needs for food, water, or reproduction, I am nothing but a tumbleweed rolling through the cosmos",1,True,1656364827,1656364827,76561198044599065,1205,0,True,False,False,0,7,11,0.6097006201744078,525,long,51
3,top,1929360,Tumbleweed Destiny,7782,7,5.65228,84,117764368,english,best $3 of my life,1,True,1656383790,1656383790,76561198972260163,497,0,False,False,True,0,0,0,0.5,18,short,52
3,top,1929360,Tumbleweed Destiny,7782,7,5.65228,84,117769856,english,It's a small game but weirdly addictive and fun.  It was only three bucks and I definitely got three bucks worth of enjoyment out of it!,1,True,1656392025,1656392025,76561198004035212,407,0,False,False,True,0,2,0,0.5375809073448181,136,long,53
3,top,1929360,Tumbleweed Destiny,7782,7,5.65228,84,119673357,english,OST of the century.,1,True,1659055177,1659055177,76561197987835167,586,0,False,False,True,0,0,0,0.492072194814682,19,short,54
3,top,1929360,Tumbleweed Destiny,7782,7,5.65228,84,122052098,english,good,1,True,1662842820,1662842820,76561198849725918,369,0,False,False,True,0,0,0,0.4761904776096343,4,short,55
3,top,1929360,Tumbleweed Destiny,7782,7,5.65228,84,123707594,english,"Ever since I was but a seedling all I wanted was to tumble in the wind. My own roots disowned me and kicked me out when I came out as a diaspore. I think it was destiny. I roamed and drifted through the American southwest with no real cause or care until aliens took me against my will to mars. There I thought I was stuck and doomed to watch aliens stomp over my old town. I did the only thing I knew how to do.. I tumbled and tumbled some more. Before I knew it, I had amassed enough tumbling strength to defeat the toughest of aliens. I saved the earth and now I tumble around town keeping an ever watchful eye out for more aliens.",1,True,1665544480,1665544480,76561197981904627,393,0,False,False,True,0,0,1,0.5,634,long,56
3,top,1929360,Tumbleweed Destiny,7782,7,5.65228,84,123855126,english,lowkey fun and addicting and i hate myself for enjoying it,1,True,1665819315,1665819315,76561198082053499,284,0,False,False,True,0,0,0,0.5,58,medium,57
3,top,1929360,Tumbleweed Destiny,7782,7,5.65228,84,124737761,english,"Oddly addicting. Seriously played it for hours. 

I don't know what's wrong with me. But I love this game!",1,True,1667247685,1667247685,76561198178876618,250,0,False,False,True,0,0,0,0.5,106,long,58
3,top,1929360,Tumbleweed Destiny,7782,7,5.65228,84,125842577,english,"Funny tumbleweed game encrypted with il2cpp running Codestage Anitcheat. Multiplayer should be script-kiddie free at least until someone uploads a script or something.

Very basic idle game. Needs content but definitely a fun base for a would-be great game. Currently it's just good.
Early game is quite slow though :<",1,True,1668977602,1668977602,76561198145488705,358,0,False,False,True,0,0,0,0.5,318,long,59
3,top,1929360,Tumbleweed Destiny,7782,7,5.65228,84,127049510,english,I am the weed that tumbles.,1,True,1669477280,1669477280,76561198013836833,533,0,False,False,True,0,4,4,0.5579793453216552,27,short,60
3,top,1929360,Tumbleweed Destiny,7782,7,5.65228,84,127406868,english,the weed is thumbling,1,True,1669652139,1688301106,76561199035913244,496,0,False,False,True,0,0,0,0.5,21,short,61
3,top,1929360,Tumbleweed Destiny,7782,7,5.65228,84,127482025,english,"its a game about a tumbleweed, how much more could you ever want?",1,True,1669686747,1669686747,76561199160669323,18,0,False,False,True,0,0,0,0.5,65,medium,62
3,top,1929360,Tumbleweed Destiny,7782,7,5.65228,84,129220186,english,"Yeh, I had an alright time, it's kinda basic but whatevs.
Felt like a Roblox game. Not too bad, just some chill idle thing where you bump into cacti and fly around like a comet all day long in the scorching desert, and also beating up some tree rock walking dude over and over (poor guy). Probably should have spent my time playing like an actual full game, but hey, I've seen much worse.


Also, 
DID I REALLY JUST PLAY THIS GAME 8 HOURS IN ONE GO?? SHEEEESH WHAT IS WRONG WITH ME",1,True,1671941127,1671941361,76561199087447834,487,0,False,False,True,0,0,0,0.5,481,long,63
3,top,1929360,Tumbleweed Destiny,7782,7,5.65228,84,131629586,english,Yes,1,True,1674791464,1674791464,76561198058758011,354,0,False,False,True,0,0,0,0.4220202267169952,3,short,64
3,top,1929360,Tumbleweed Destiny,7782,7,5.65228,84,132367887,english,yes also,1,True,1675773423,1675773423,76561198072449886,214,0,False,False,True,0,0,0,0.4220202267169952,8,short,65
3,top,1929360,Tumbleweed Destiny,7782,7,5.65228,84,134334939,english,100% the game because i wanted too a lot of rolling with friends,1,True,1678342224,1678342224,76561198078309076,968,0,False,False,True,0,3,0,0.541984736919403,64,medium,66
3,top,1929360,Tumbleweed Destiny,7782,7,5.65228,84,135360146,english,A genuine and exquisite experience that is too grandiose for mere human comprehension.,1,True,1679716693,1679716744,76561198157786061,449,0,False,False,True,0,0,0,0.5,86,medium,67
3,top,1929360,Tumbleweed Destiny,7782,7,5.65228,84,135522054,english,"I played with my friend for a few hours I am  not sure hot many. It was fun but i felt like there wasnt enough of a purpose to playing the game. I felt like there wasn't a real ""next step"".",1,True,1679885658,1679885658,76561198901002011,76,0,False,False,True,0,0,0,0.5,189,long,68
3,top,1929360,Tumbleweed Destiny,7782,7,5.65228,84,136674382,english,"This game made me fulfil my long life destiny of becoming a red tumbleweed and continuously ramming into a plant monster in the middle of a desert, 10/10.",1,True,1681469865,1681469865,76561198962497138,80,0,False,False,True,0,0,0,0.5,154,long,69
3,top,1929360,Tumbleweed Destiny,7782,7,5.65228,84,140581316,english,"It's a fun little chill game. I enjoyed it.
Roll around as a tumbleweed, collect points, upgrade then save the earth!
I like the music too.",1,True,1687559657,1687559657,76561198281733377,856,0,False,False,False,0,0,0,0.5,139,long,70
3,top,1929360,Tumbleweed Destiny,7782,7,5.65228,84,143421254,english,Worth it.,1,True,1691193563,1691193563,76561198400570043,448,0,False,False,True,1,0,0,0.5,9,short,71
3,top,1929360,Tumbleweed Destiny,7782,7,5.65228,84,143634041,english,"ive been trying to save the world for many of my lives...though i havent achieved my goal yet, i am close. this the best game to ever game ina love i gpon wut you kno wlike play the gake riogthj noiw",1,True,1691471669,1691471669,76561198354312431,185,0,False,False,True,1,3,0,0.5470383167266845,199,long,72
3,top,1929360,Tumbleweed Destiny,7782,7,5.65228,84,143634115,english,i fr tumbled and tumbled some more and how many times can you tumble fr fr ha ha ope some more tumbling,1,True,1691471805,1691471805,76561198036641616,85,0,False,False,False,1,0,1,0.5,103,long,73
3,top,1929360,Tumbleweed Destiny,7782,7,5.65228,84,144534664,english,i always wondered what it would be like,1,True,1692415822,1692415822,76561198099991573,826,0,False,False,True,0,0,0,0.5,39,medium,74
3,top,1929360,Tumbleweed Destiny,7782,7,5.65228,84,149549330,english,Amazing game. have never played a game more fun than this. a friend forced me to get this. its perfect,1,True,1699140265,1699140265,76561198881239848,1014,0,False,False,True,0,1,0,0.5238095521926879,102,medium,75
3,top,1929360,Tumbleweed Destiny,7782,7,5.65228,84,150328776,english,"A close friend sent me this game. A very causal game to have in the background. He told me about the achievements and I spent a total of 4 hours to almost finish the game. mind you this was like 6 AM, when I quit. I have left the game with millions in currency and a drop if any wants the drops.",1,True,1700276490,1700276490,76561199091232530,362,0,False,False,False,0,0,0,0.5,295,long,76
3,top,1929360,Tumbleweed Destiny,7782,7,5.65228,84,155348642,english,This was someones passion project and it shows. It's made with love and with fun in mind. Buy this at full price. It deserves it!,1,True,1704500742,1704500742,76561199093370123,1973,0,False,False,True,0,1,0,0.5161290764808654,129,long,77
3,top,1929360,Tumbleweed Destiny,7782,7,5.65228,84,161084794,english,You're basically Goku,1,True,1711045388,1711045388,76561197971111481,2280,0,False,False,True,0,1,0,0.5,21,short,78
3,top,1929360,Tumbleweed Destiny,7782,7,5.65228,84,162450356,english,tumble,1,True,1712535083,1712535083,76561198067024770,593,0,False,False,False,0,1,0,0.5,6,short,79
3,top,1929360,Tumbleweed Destiny,7782,7,5.65228,84,164202564,english,I WILL BUY DLC PLEASE GIVE ME MORE CONTENT IM BEGGING YOU ITS SO GOOD PLEASE PLEASE PLEASE,1,True,1714776370,1714776370,76561198087253078,299,0,False,False,True,0,0,0,0.5,90,medium,80
3,top,1929360,Tumbleweed Destiny,7782,7,5.65228,84,168303900,english,Best tumbling-based roguelike out right now. Easy 10/10.,1,True,1719467702,1719467702,76561198109104737,641,0,False,False,False,0,2,2,0.5470383167266845,56,medium,81
3,top,1929360,Tumbleweed Destiny,7782,7,5.65228,84,177321114,english, 10/10 Would roll again.,1,True,1729328453,1729328453,76561198353940112,6587,0,False,False,True,0,0,0,0.5,24,short,82
3,top,1929360,Tumbleweed Destiny,7782,7,5.65228,84,192549005,english,"Much tumble. Very weed..

I paid 3 dollars to be a tumbleweed. No regerts =)",1,True,1744430018,1744430018,76561198061909606,557,0,False,False,True,0,0,1,0.5,76,medium,83
3,top,1929360,Tumbleweed Destiny,7782,7,5.65228,84,197566111,english,"tumbleweed life simulator, weird as hell but funny enough to idle for a day",1,True,1750277686,1750277686,76561198028766213,566,0,False,False,True,0,1,0,0.4830170571804046,75,medium,84
